,NMI_cluster/label,ARI_cluster/label,ASW_label,isolated_label_F1,isolated_label_silhouette,bio
d0lsi,0.41161242858761765,0.29592974936074146,0.49904707027599216,0.3494189534244516,0.48860631803770294,0.40892290393730113
d0scbasset,0.41161242858761765,0.29592974936074146,0.5067720515653491,0.375966048566509,0.4899612987541001,0.41604831536686343
d1lsi,0.42383039747789,0.3440393647798408,0.5032540035899729,0.3902918208278052,0.4916190759342333,0.4306069325219484
d1scbasset,0.42383039747789,0.3440393647798408,0.5069040674716234,0.3849611775802998,0.4888424325141717,0.42971548796476516
d2lsi,0.42383039747789,0.3440393647798408,0.5072947558946908,0.40084984463902623,0.4911555480635302,0.4334339821709956
d2scbasset,0.42383039747789,0.3440393647798408,0.5099290255457163,0.3862805851331364,0.4920028915141963,0.431216452890156
